Component,Variance,Cumulative
PC1,0.10542750226181577,0.10542750226181577
PC2,0.07860274667886472,0.18403024894068049
PC3,0.07740994389910152,0.26144019283978204
PC4,0.07295221286626408,0.3343924057060461
PC5,0.07147198405312072,0.40586438975916683
PC6,0.03135031220341124,0.43721470196257806
PC7,0.026534059419082826,0.4637487613816609
PC8,0.01965943422183013,0.483408195603491
PC9,0.019266597993390654,0.5026747935968817
PC10,0.018899314250737497,0.5215741078476193
