{
  "train_r2": 0.0008600742693397612,
  "test_r2": -0.004758567460125596,
  "train_rmse": 23.66375231418903,
  "test_rmse": 23.71170981309772,
  "train_mae": 20.53707443335149,
  "test_mae": 20.715759191298964,
  "intercept": 57.78941730212173,
  "coefficients": {
    "Age": -0.020266564018770666,
    "Review_Rating": 0.8644504851129139,
    "Previous_Purchases": 0.00015193327465093634
  }
}