Column,Sample Size,Mean,Std Dev,Shapiro Statistic,p-value
Age,3900,44.06846153846154,15.207589127162382,0.9550198864817085,4.393862623578557e-33
Purchase Amount,3900,59.76435897435898,23.685392250875307,0.9502473659114022,1.815579163868232e-34
Review Rating,3900,3.7499487179487176,0.7162228139312417,0.9555804571242981,6.499243704155826e-33
Previous Purchases,3900,25.35153846153846,14.447125170462309,0.9541089689924361,2.344693304573732e-33